Model,Accuracy,Precision,Recall,F1-score,AUC
Logistic Regression,0.8963414634146342,0.899046493099283,0.8963414634146342,0.8960433604336043,0.9409226190476191
Decision Tree,0.9878048780487805,0.9878048780487805,0.9878048780487805,0.9878048780487805,0.9877976190476191
Random Forest,1.0,1.0,1.0,1.0,1.0
SVM,0.9085365853658537,0.9099296610943637,0.9085365853658537,0.9083830946457889,0.9559523809523809
